{"0":{"AC_Power":32.3840380575,"end_period":1639301400000},"1":{"AC_Power":212.1078525279,"end_period":1639303200000},"2":{"AC_Power":288.207037033,"end_period":1639305000000},"3":{"AC_Power":378.2371325084,"end_period":1639306800000},"4":{"AC_Power":340.6976545515,"end_period":1639308600000},"5":{"AC_Power":395.9078386062,"end_period":1639310400000},"6":{"AC_Power":408.7170375592,"end_period":1639312200000},"7":{"AC_Power":330.3551201992,"end_period":1639314000000},"8":{"AC_Power":249.3803944094,"end_period":1639315800000},"9":{"AC_Power":180.8105421512,"end_period":1639317600000},"10":{"AC_Power":144.2358609561,"end_period":1639319400000},"11":{"AC_Power":81.9939675665,"end_period":1639321200000},"12":{"AC_Power":0.0,"end_period":1639323000000},"13":{"AC_Power":0.0,"end_period":1639324800000},"14":{"AC_Power":0.0,"end_period":1639326600000},"15":{"AC_Power":0.0,"end_period":1639328400000},"16":{"AC_Power":0.0,"end_period":1639330200000},"17":{"AC_Power":0.0,"end_period":1639332000000},"18":{"AC_Power":0.0,"end_period":1639333800000},"19":{"AC_Power":0.0,"end_period":1639335600000},"20":{"AC_Power":0.0,"end_period":1639337400000},"21":{"AC_Power":0.0,"end_period":1639339200000},"22":{"AC_Power":0.0,"end_period":1639341000000},"23":{"AC_Power":0.0,"end_period":1639342800000},"24":{"AC_Power":0.0,"end_period":1639344600000},"25":{"AC_Power":0.0,"end_period":1639346400000},"26":{"AC_Power":0.0,"end_period":1639348200000},"27":{"AC_Power":0.0,"end_period":1639350000000},"28":{"AC_Power":0.0,"end_period":1639351800000},"29":{"AC_Power":0.0,"end_period":1639353600000},"30":{"AC_Power":0.0,"end_period":1639355400000},"31":{"AC_Power":0.0,"end_period":1639357200000},"32":{"AC_Power":0.0,"end_period":1639359000000},"33":{"AC_Power":0.0,"end_period":1639360800000},"34":{"AC_Power":0.0,"end_period":1639362600000},"35":{"AC_Power":0.0,"end_period":1639364400000},"36":{"AC_Power":0.0,"end_period":1639366200000},"37":{"AC_Power":0.0,"end_period":1639368000000},"38":{"AC_Power":0.0,"end_period":1639369800000},"39":{"AC_Power":0.0,"end_period":1639371600000},"40":{"AC_Power":0.0,"end_period":1639373400000},"41":{"AC_Power":0.0,"end_period":1639375200000},"42":{"AC_Power":0.0,"end_period":1639377000000},"43":{"AC_Power":0.0,"end_period":1639378800000},"44":{"AC_Power":0.0,"end_period":1639380600000},"45":{"AC_Power":0.0,"end_period":1639382400000},"46":{"AC_Power":0.0,"end_period":1639384200000},"47":{"AC_Power":0.0,"end_period":1639386000000}}