{"0":{"AC_Power":919.58187404,"end_period":1639306800000},"1":{"AC_Power":868.1867939163,"end_period":1639308600000},"2":{"AC_Power":690.3173517252,"end_period":1639310400000},"3":{"AC_Power":707.6173516445,"end_period":1639312200000},"4":{"AC_Power":571.4985010138,"end_period":1639314000000},"5":{"AC_Power":443.2178628848,"end_period":1639315800000},"6":{"AC_Power":369.4181688081,"end_period":1639317600000},"7":{"AC_Power":209.404295374,"end_period":1639319400000},"8":{"AC_Power":81.3926246289,"end_period":1639321200000},"9":{"AC_Power":0.0,"end_period":1639323000000},"10":{"AC_Power":0.0,"end_period":1639324800000},"11":{"AC_Power":0.0,"end_period":1639326600000},"12":{"AC_Power":0.0,"end_period":1639328400000},"13":{"AC_Power":0.0,"end_period":1639330200000},"14":{"AC_Power":0.0,"end_period":1639332000000},"15":{"AC_Power":0.0,"end_period":1639333800000},"16":{"AC_Power":0.0,"end_period":1639335600000},"17":{"AC_Power":0.0,"end_period":1639337400000},"18":{"AC_Power":0.0,"end_period":1639339200000},"19":{"AC_Power":0.0,"end_period":1639341000000},"20":{"AC_Power":0.0,"end_period":1639342800000},"21":{"AC_Power":0.0,"end_period":1639344600000},"22":{"AC_Power":0.0,"end_period":1639346400000},"23":{"AC_Power":0.0,"end_period":1639348200000},"24":{"AC_Power":0.0,"end_period":1639350000000},"25":{"AC_Power":0.0,"end_period":1639351800000},"26":{"AC_Power":0.0,"end_period":1639353600000},"27":{"AC_Power":0.0,"end_period":1639355400000},"28":{"AC_Power":0.0,"end_period":1639357200000},"29":{"AC_Power":0.0,"end_period":1639359000000},"30":{"AC_Power":0.0,"end_period":1639360800000},"31":{"AC_Power":0.0,"end_period":1639362600000},"32":{"AC_Power":0.0,"end_period":1639364400000},"33":{"AC_Power":0.0,"end_period":1639366200000},"34":{"AC_Power":0.0,"end_period":1639368000000},"35":{"AC_Power":0.0,"end_period":1639369800000},"36":{"AC_Power":0.0,"end_period":1639371600000},"37":{"AC_Power":0.0,"end_period":1639373400000},"38":{"AC_Power":0.0,"end_period":1639375200000},"39":{"AC_Power":0.0,"end_period":1639377000000},"40":{"AC_Power":0.0,"end_period":1639378800000},"41":{"AC_Power":0.0,"end_period":1639380600000},"42":{"AC_Power":0.0,"end_period":1639382400000},"43":{"AC_Power":0.0,"end_period":1639384200000},"44":{"AC_Power":0.0,"end_period":1639386000000},"45":{"AC_Power":64.9715037688,"end_period":1639387800000},"46":{"AC_Power":174.6398328521,"end_period":1639389600000},"47":{"AC_Power":269.303643962,"end_period":1639391400000}}