{"0":{"AC Power":879.7040866102,"end_period":1636457400000},"1":{"AC Power":1233.5809774638,"end_period":1636459200000},"2":{"AC Power":1341.3284596439,"end_period":1636461000000},"3":{"AC Power":1834.8395352787,"end_period":1636462800000},"4":{"AC Power":1452.9735584911,"end_period":1636464600000},"5":{"AC Power":1234.975613677,"end_period":1636466400000},"6":{"AC Power":1188.2426803818,"end_period":1636468200000},"7":{"AC Power":719.8829628832,"end_period":1636470000000},"8":{"AC Power":431.1653046465,"end_period":1636471800000},"9":{"AC Power":131.1577707532,"end_period":1636473600000},"10":{"AC Power":0.0,"end_period":1636475400000},"11":{"AC Power":0.0,"end_period":1636477200000},"12":{"AC Power":0.0,"end_period":1636479000000},"13":{"AC Power":0.0,"end_period":1636480800000},"14":{"AC Power":0.0,"end_period":1636482600000},"15":{"AC Power":0.0,"end_period":1636484400000},"16":{"AC Power":0.0,"end_period":1636486200000},"17":{"AC Power":0.0,"end_period":1636488000000},"18":{"AC Power":0.0,"end_period":1636489800000},"19":{"AC Power":0.0,"end_period":1636491600000},"20":{"AC Power":0.0,"end_period":1636493400000},"21":{"AC Power":0.0,"end_period":1636495200000},"22":{"AC Power":0.0,"end_period":1636497000000},"23":{"AC Power":0.0,"end_period":1636498800000},"24":{"AC Power":0.0,"end_period":1636500600000},"25":{"AC Power":0.0,"end_period":1636502400000},"26":{"AC Power":0.0,"end_period":1636504200000},"27":{"AC Power":0.0,"end_period":1636506000000},"28":{"AC Power":0.0,"end_period":1636507800000},"29":{"AC Power":0.0,"end_period":1636509600000},"30":{"AC Power":0.0,"end_period":1636511400000},"31":{"AC Power":0.0,"end_period":1636513200000},"32":{"AC Power":0.0,"end_period":1636515000000},"33":{"AC Power":0.0,"end_period":1636516800000},"34":{"AC Power":0.0,"end_period":1636518600000},"35":{"AC Power":0.0,"end_period":1636520400000},"36":{"AC Power":0.0,"end_period":1636522200000},"37":{"AC Power":0.0,"end_period":1636524000000},"38":{"AC Power":0.0,"end_period":1636525800000},"39":{"AC Power":0.0,"end_period":1636527600000},"40":{"AC Power":0.0,"end_period":1636529400000},"41":{"AC Power":0.0,"end_period":1636531200000},"42":{"AC Power":262.956692935,"end_period":1636533000000},"43":{"AC Power":682.1685346161,"end_period":1636534800000},"44":{"AC Power":1123.3937707824,"end_period":1636536600000},"45":{"AC Power":1453.9185917244,"end_period":1636538400000},"46":{"AC Power":1701.3651101824,"end_period":1636540200000},"47":{"AC Power":1963.8408590807,"end_period":1636542000000}}