{"0":{"AC_Power":48.7298234235,"end_period":1639301400000},"1":{"AC_Power":203.6889660401,"end_period":1639303200000},"2":{"AC_Power":215.8110064149,"end_period":1639305000000},"3":{"AC_Power":269.3206685495,"end_period":1639306800000},"4":{"AC_Power":370.9660856151,"end_period":1639308600000},"5":{"AC_Power":335.8138418245,"end_period":1639310400000},"6":{"AC_Power":310.2693834083,"end_period":1639312200000},"7":{"AC_Power":271.2532148775,"end_period":1639314000000},"8":{"AC_Power":250.787196253,"end_period":1639315800000},"9":{"AC_Power":197.5026371955,"end_period":1639317600000},"10":{"AC_Power":128.8745009444,"end_period":1639319400000},"11":{"AC_Power":53.702288427,"end_period":1639321200000},"12":{"AC_Power":0.0,"end_period":1639323000000},"13":{"AC_Power":0.0,"end_period":1639324800000},"14":{"AC_Power":0.0,"end_period":1639326600000},"15":{"AC_Power":0.0,"end_period":1639328400000},"16":{"AC_Power":0.0,"end_period":1639330200000},"17":{"AC_Power":0.0,"end_period":1639332000000},"18":{"AC_Power":0.0,"end_period":1639333800000},"19":{"AC_Power":0.0,"end_period":1639335600000},"20":{"AC_Power":0.0,"end_period":1639337400000},"21":{"AC_Power":0.0,"end_period":1639339200000},"22":{"AC_Power":0.0,"end_period":1639341000000},"23":{"AC_Power":0.0,"end_period":1639342800000},"24":{"AC_Power":0.0,"end_period":1639344600000},"25":{"AC_Power":0.0,"end_period":1639346400000},"26":{"AC_Power":0.0,"end_period":1639348200000},"27":{"AC_Power":0.0,"end_period":1639350000000},"28":{"AC_Power":0.0,"end_period":1639351800000},"29":{"AC_Power":0.0,"end_period":1639353600000},"30":{"AC_Power":0.0,"end_period":1639355400000},"31":{"AC_Power":0.0,"end_period":1639357200000},"32":{"AC_Power":0.0,"end_period":1639359000000},"33":{"AC_Power":0.0,"end_period":1639360800000},"34":{"AC_Power":0.0,"end_period":1639362600000},"35":{"AC_Power":0.0,"end_period":1639364400000},"36":{"AC_Power":0.0,"end_period":1639366200000},"37":{"AC_Power":0.0,"end_period":1639368000000},"38":{"AC_Power":0.0,"end_period":1639369800000},"39":{"AC_Power":0.0,"end_period":1639371600000},"40":{"AC_Power":0.0,"end_period":1639373400000},"41":{"AC_Power":0.0,"end_period":1639375200000},"42":{"AC_Power":0.0,"end_period":1639377000000},"43":{"AC_Power":0.0,"end_period":1639378800000},"44":{"AC_Power":0.0,"end_period":1639380600000},"45":{"AC_Power":0.0,"end_period":1639382400000},"46":{"AC_Power":0.0,"end_period":1639384200000},"47":{"AC_Power":0.0,"end_period":1639386000000}}