{"columns":["AC_Power","end_period"],"index":[0,1,2,3,4,5,6,7,8,9,10,11,12,13,14,15,16,17,18,19,20,21,22,23,24,25,26,27,28,29,30,31,32,33,34,35,36,37,38,39,40,41,42,43,44,45,46,47],"data":[[879.7040866102,1636457400000],[1233.5809774638,1636459200000],[1341.3284596439,1636461000000],[1834.8395352787,1636462800000],[1452.9735584911,1636464600000],[1234.975613677,1636466400000],[1188.2426803818,1636468200000],[719.8829628832,1636470000000],[431.1653046465,1636471800000],[131.1577707532,1636473600000],[0.0,1636475400000],[0.0,1636477200000],[0.0,1636479000000],[0.0,1636480800000],[0.0,1636482600000],[0.0,1636484400000],[0.0,1636486200000],[0.0,1636488000000],[0.0,1636489800000],[0.0,1636491600000],[0.0,1636493400000],[0.0,1636495200000],[0.0,1636497000000],[0.0,1636498800000],[0.0,1636500600000],[0.0,1636502400000],[0.0,1636504200000],[0.0,1636506000000],[0.0,1636507800000],[0.0,1636509600000],[0.0,1636511400000],[0.0,1636513200000],[0.0,1636515000000],[0.0,1636516800000],[0.0,1636518600000],[0.0,1636520400000],[0.0,1636522200000],[0.0,1636524000000],[0.0,1636525800000],[0.0,1636527600000],[0.0,1636529400000],[0.0,1636531200000],[262.956692935,1636533000000],[682.1685346161,1636534800000],[1123.3937707824,1636536600000],[1453.9185917244,1636538400000],[1701.3651101824,1636540200000],[1963.8408590807,1636542000000]]}