{"0":{"AC_Power":31.391985968,"end_period":1639301400000},"1":{"AC_Power":221.162464222,"end_period":1639303200000}}