{"0":{"AC_Power":919.58187404,"end_period":1639306800000},"1":{"AC_Power":868.1867939163,"end_period":1639308600000}}